provider_id,npi,name,specialty,street,city,state,zip,phone
PRV00001,4979315673,Molly Rose,Dermatology,66907 Griffith Forks Apt. 500,Lake Amberfurt,TX,28891,001-477-683-5337x40681
PRV00002,3758633299,Karen Manning,OB/GYN,586 Kevin Radial,Mathishaven,MO,77702,(762)958-5178x1286
PRV00003,2272987056,Jose Farley,Pediatrics,0499 Holland Extension,North Kaylee,ND,72372,001-457-548-9068
PRV00004,3878940490,Krista White,Urology,75983 Washington Knolls Suite 508,Stephentown,AS,30595,684-501-1070
PRV00005,4664843848,Jason Lopez,Dermatology,92541 Erik Pines Apt. 447,Tylerville,AK,41396,848-439-6030
PRV00006,8719792472,Erica Mccoy,Psychiatry,278 Stephens Forges,Walkertown,MO,88961,6424304114
PRV00007,3855051695,Jessica Lee,OB/GYN,420 Brittany Forge Suite 298,South Jamesville,IL,75655,664-287-0596
PRV00008,2609337231,Patricia Patel,Orthopedics,59256 Joseph Court,Randolphstad,PW,90561,701-622-2834
PRV00009,8902531710,Luis Casey,Psychiatry,5143 Taylor Plaza Apt. 506,South Michelleberg,MP,16887,(919)683-9145x4981
PRV00010,5421990790,Christopher Allen,Orthopedics,40901 Wilson Turnpike,East Johnshire,MT,21737,001-216-268-4847x5135
PRV00011,7778213901,Luke Whitney,Family Medicine,9576 Ross Circles,Taramouth,DE,33277,+1-575-742-8343
PRV00012,1731644238,Elizabeth Cook,Gastroenterology,1719 Shepard Loaf,Blakeburgh,MD,76392,+1-899-391-3303
PRV00013,3355095800,Carrie Parsons,Oncology,110 Kelly Turnpike Suite 772,New Kimberlymouth,CA,67252,(454)218-9423
PRV00014,7501599785,Joshua Smith,OB/GYN,832 Reynolds Estate Apt. 341,Stokesside,KS,71460,424-670-6900x59292
PRV00015,6812268282,John Walker MD,Endocrinology,9629 Jesus Avenue Apt. 858,Conradbury,IA,41524,+1-594-630-1852
PRV00016,4132749951,Michelle Casey,Dermatology,485 Jacqueline Street Suite 911,Thompsonview,NE,29024,365.468.2808x1414
PRV00017,4475229416,Joseph Blankenship,OB/GYN,3666 Renee Mill,New Regina,IL,16123,+1-544-636-8038x79009
PRV00018,6177519760,Scott Hammond MD,Oncology,42834 Willis Glen,Moodyburgh,ND,47287,(734)610-1908x4218
PRV00019,3381134998,Jamie Harris,Family Medicine,585 David Stravenue Suite 548,Morganshire,NM,15324,6494837986
PRV00020,7070506973,Alex Griffith,Oncology,835 Erika Prairie Suite 659,South Vanessabury,SC,85533,(864)621-9054
PRV00021,7074907055,Jonathon Shah,Orthopedics,4727 Joseph Courts,Jonesland,TN,58498,001-316-349-4383x354
PRV00022,7925430606,Erin Walker,Family Medicine,8802 Delgado Station Suite 593,Hoffmanburgh,NJ,34517,+1-930-496-5634x312
PRV00023,3576358404,Brett Lopez Jr.,Psychiatry,8222 Ward Terrace Suite 313,Carlosbury,MO,42623,+1-403-307-8975x419
PRV00024,3510240337,David Crawford,Neurology,3776 Teresa Freeway,Stevenshire,MS,28276,631-500-0756
PRV00025,2096479553,Donald Wilson,Internal Medicine,20062 Annette Glens Apt. 174,North Amandahaven,MP,17399,730-672-4376
PRV00026,1302595366,Derek Bishop,Gastroenterology,330 Michael Rapids Apt. 586,Lake Nicole,NE,87321,001-714-321-2036x00187
PRV00027,2945614990,Amy Green,Family Medicine,28072 Hines Mission Apt. 841,Laurenland,ME,04982,001-724-861-4163x8835
PRV00028,8540187780,Austin Turner,Neurology,27889 Penny Village Suite 235,Meyerville,MT,45770,+1-385-464-5545x8808
PRV00029,2153807478,Samuel King II,Cardiology,559 Shannon Harbors Suite 756,New Laurieberg,AR,69144,001-455-256-4795
PRV00030,3683504527,Christine Jones,Neurology,3921 Katie Stream,Port Coryside,TX,35330,001-781-913-2860
PRV00031,2246761692,Katelyn Powell,Orthopedics,39736 Lowe Plains Apt. 714,Harrisside,WI,50402,799.660.5703x40814
PRV00032,5980553707,Amanda Fisher,Pediatrics,869 Chavez Curve Suite 928,West Dana,NE,96987,901-310-6474x5756
PRV00033,5088626994,Jessica Waters,Oncology,2620 Lisa Land Apt. 946,Sheilaport,WA,55650,637.466.1123x2301
PRV00034,8351222782,John Mcguire,Gastroenterology,62016 Andrea Place Suite 501,Conleyville,KS,90226,8313617487
PRV00035,8312721060,Mary Frost DVM,Psychiatry,26932 Butler Plain Suite 783,Michelleville,AL,99824,408-474-1384x436
PRV00036,3034831019,Christopher Blake,Psychiatry,68908 Sonya Groves Suite 744,Lewisstad,PA,62176,001-997-982-0858x2359
PRV00037,6635018266,Samantha Robinson,Family Medicine,22431 Anna Spur Apt. 393,Roberttown,WI,03129,001-334-654-9860x1552
PRV00038,6102589964,Blake Frost,Orthopedics,905 Christopher Cove,Loganview,NC,07023,(631)854-0851x529
PRV00039,5195058968,Amy Romero,Internal Medicine,998 Elliott Plain,Turnerbury,SC,40172,(633)664-8048
PRV00040,5189970085,Samantha Webb,Endocrinology,61518 Gardner Vista Apt. 947,East Charles,OR,19103,001-255-242-2676x19244
PRV00041,5371694837,Brett Maxwell,Cardiology,8170 George Manors,Sarahchester,MO,79901,+1-900-519-2885x8495
PRV00042,9741658811,Ian Molina,Pediatrics,85210 Henderson Stream,Jonton,RI,57500,373-298-2051x82875
PRV00043,4574464663,Bryan Freeman,Pediatrics,62631 Matthew Isle Apt. 775,Curtisborough,NE,58251,622-406-6101x276
PRV00044,7513745319,Vickie Solomon,Gastroenterology,140 Sanders Roads,New Heather,AL,71820,+1-825-531-8822x69083
PRV00045,5426823972,Margaret Mendoza,Cardiology,389 John Tunnel,Wilsonton,MS,12256,930.804.7462x92858
PRV00046,8004867726,Lisa Simon,Gastroenterology,663 Montoya Lake,West Ashley,PR,23459,524-544-5649x70224
PRV00047,8462296296,Timothy Hernandez,Family Medicine,893 Moran Garden,New Steven,VT,26169,+1-800-466-6299x28813
PRV00048,5157113076,Lisa Fischer,Pediatrics,65234 Michael Plain Suite 184,Lake Steven,LA,82037,590-805-2211x693
PRV00049,2315920532,Ms. Mary Gardner,Family Medicine,368 Lisa Prairie,Jessicaville,AS,26917,840.828.8364
PRV00050,9329180414,Sarah Bass,Internal Medicine,1228 Shawn Cape Suite 368,Rebeccaville,CA,89383,529.583.8685
PRV00051,5974462864,Rebecca Wilkinson DDS,Urology,915 Stephen Village Apt. 247,New Waltershire,MO,12557,(645)370-8706x4952
PRV00052,2083869816,Kari Walters,Endocrinology,6809 Benjamin Pines Apt. 155,Karenton,SC,49018,+1-575-488-0255
PRV00053,4652984215,Danielle Tyler,Family Medicine,165 Underwood Junctions,Chelseaton,VT,08819,001-668-549-9112x46124
PRV00054,4519356806,Jeremy Cox,Endocrinology,47084 Lynn Club,Matthewport,VI,68156,001-500-356-2809x8623
PRV00055,2979346392,Timothy Reid,Endocrinology,814 Gonzalez Centers,Suzannemouth,RI,95296,3704248003
PRV00056,3185596104,Michael Phillips,Neurology,337 Sanchez Parkways,Markland,ID,78399,001-869-775-0701
PRV00057,6155710781,Jennifer Fernandez,OB/GYN,63879 Greene Streets Suite 972,Emmahaven,ME,74353,940-790-7753x873
PRV00058,6128700542,Rachel Berg,Internal Medicine,6015 Jonathan Plains,West Nicholasmouth,MA,40979,715.511.2469
PRV00059,6970264572,Jennifer Hall,Internal Medicine,289 Turner Lane,Homouth,AS,10227,4936336639
PRV00060,3146624321,Ryan Goodwin,Oncology,47722 Victoria Mews Suite 875,New Debbieside,TN,36692,+1-471-483-9465x3019
PRV00061,2208396417,Kevin Boyd,Orthopedics,13006 Carl Branch Apt. 855,New Alanborough,NJ,26729,723.760.3870
PRV00062,4361672518,Dustin Cooper,Pediatrics,09281 Jeffery Fall Suite 105,North Marissa,FL,30770,001-217-333-2103
PRV00063,2843573563,Phillip Nielsen,Orthopedics,344 Pitts Stravenue,Lake Johnathanborough,MD,46366,+1-366-816-3752x913
PRV00064,3896762489,Joshua Acosta,Dermatology,455 Bryant Knoll Suite 678,West Davidburgh,ME,74794,(772)722-1943
PRV00065,2007773001,Joseph Galloway,OB/GYN,7416 Andrea Mission,Port Ericmouth,CA,90299,001-635-558-5855x1260
PRV00066,1173518645,Courtney Hunter,Urology,45963 Barton Fort,Heiditown,ID,13233,822-931-4988x898
PRV00067,1728830787,David Horton,Pediatrics,85361 Harris Track Apt. 230,South Michael,AR,47730,517.739.5290
PRV00068,6209658731,Samuel Baker,Oncology,005 Hansen Dale Suite 185,Cassieshire,CO,63536,+1-450-625-3544x47604
PRV00069,6391434752,Guy Sanders,Neurology,66934 Tate Stravenue,Johnstonview,TX,23094,993.967.2730x31108
PRV00070,2461513966,Michael Bates,Orthopedics,297 Smith Plaza Suite 299,Brettstad,GU,46757,917-953-2270x5952
PRV00071,3099349203,William Rivera,Dermatology,390 Pena Pass,South Victoria,DE,41764,(698)443-8677
PRV00072,5742825007,Russell Brown,Endocrinology,342 Lisa Junctions Apt. 668,New Paige,NV,70390,001-211-586-2762x7789
PRV00073,2746329094,Ashley Brown,Family Medicine,6452 White Trail Apt. 801,South Melissa,NV,44449,946.475.8126x869
PRV00074,4384934383,Jennifer Hughes,OB/GYN,52933 Olivia Run Apt. 116,South Edwardstad,OH,42659,001-974-449-6542x172
PRV00075,2464143461,Carol Herrera,Pediatrics,81855 Lynn Points Suite 958,Morrisfurt,GU,70789,+1-830-559-0560x555
PRV00076,9272817571,Gregory Stokes,Endocrinology,56620 Curtis Keys Apt. 319,Paulport,CT,57381,(618)525-2665
PRV00077,6440536624,Emily Taylor,Internal Medicine,28221 Richards Curve,Andersonmouth,PA,96525,(423)537-9701x287
PRV00078,4973133406,Robert Li,Dermatology,245 Patrick Burgs Suite 333,Lake Heiditon,KY,68524,001-816-851-7987x42655
PRV00079,9146519667,Jeffrey Floyd,Psychiatry,8331 John Brooks Apt. 679,Bradleyton,HI,69612,(223)756-5908x72859
PRV00080,4380202246,Veronica Jordan,Internal Medicine,16205 Edward Burg,Littlefort,CA,98832,889.981.2869x8638
PRV00081,9643113768,Mr. Jeffrey Evans,Dermatology,1139 Garcia Knoll Apt. 319,North Williambury,CO,40788,+1-209-604-9773x4577
PRV00082,1062483857,Karen Mccoy,Gastroenterology,774 Manuel Shoals,Wolfchester,TX,73896,401-927-1544x8421
PRV00083,1171899776,Diane Lucas,OB/GYN,7958 Martinez Bridge,Port Joseph,AS,08991,001-980-796-1159x9971
PRV00084,7815223510,Harry Vaughn,Cardiology,20910 Angela Inlet,East Amanda,IN,28985,001-664-292-4931
PRV00085,5791285915,Dr. Tiffany Perry,Pediatrics,9476 Pittman Cliff,East Katrina,AZ,83959,(582)623-3051x753
PRV00086,3924400459,Melissa James,Pediatrics,861 Cohen Tunnel,South Larryport,MH,27835,6678802371
PRV00087,5736636597,Lori Ross,Pediatrics,513 Travis Crescent,South Michael,SD,78455,(606)926-2046x96139
PRV00088,8809754260,Jennifer Arellano,OB/GYN,8152 Harding Springs Apt. 815,Bakerville,LA,18719,2798286738
PRV00089,7343710060,Heather Davis,Oncology,9130 Miller Ridge,West Kaylaland,CA,06444,695.652.5835x9333
PRV00090,2363292806,Rebecca Massey,Internal Medicine,490 King Shoals Apt. 232,West Raymondberg,GA,73007,356-632-0736
PRV00091,7857218719,Kyle Jackson,Family Medicine,487 Miller Cliffs,North Alexandra,VT,73393,(681)630-3438x94445
PRV00092,6975455100,Taylor Hanson,Psychiatry,07031 Hayes Hollow,East Emilyville,ID,04449,+1-407-708-3728x03210
PRV00093,1270431723,Kim Ramirez,OB/GYN,843 Smith Harbors,Jonathonside,MS,53457,(279)762-9380
PRV00094,9460211552,Kimberly Vargas,Orthopedics,56069 Collier Tunnel,Port Hannahberg,OH,54340,534.464.8094
PRV00095,2074011648,Teresa Robinson,Internal Medicine,37206 Smith Unions,Port Sophiashire,NE,62744,816.531.2587x785
PRV00096,8250720004,Julia Rodriguez,Neurology,6569 Nicholas River Apt. 295,North Robertshire,NM,08474,+1-437-458-1504x9895
PRV00097,6823232568,Patrick Jackson,Gastroenterology,473 Brady Burgs Suite 144,New Christopherhaven,TN,24240,(667)271-9791x000
PRV00098,3326164021,Crystal Foster MD,Pediatrics,2879 Smith Well Suite 335,North Scottborough,MO,20566,6789982063
PRV00099,1855625789,Joshua Waters,Dermatology,96668 Nelson Junction,North Thomaschester,GA,56936,001-689-524-6745x7686
PRV00100,2205969803,Robert Rodriguez,Orthopedics,883 Smith Shoals Apt. 462,Wendyshire,KS,64811,(916)202-1178
